[
  {
    "namespace": "fxa",
    "description": "Firefox Accounts API",
    "functions": [
      {
        "name": "hideExtension",
        "type": "function",
        "description": "",
        "async": true,
        "parameters": []
      },
      {
        "name": "getSignedInUser",
        "type": "function",
        "description": "Fetch the current signed-in user",
        "async": true,
        "parameters": []
      },
      {
        "name": "openSyncPreferences",
        "type": "function",
        "description": "Opens sync preferences",
        "async": true,
        "parameters": []
      },
      {
        "name": "listen",
        "type": "function",
        "description": "Listen for events from Firefox Accounts",
        "async": false,
        "parameters": []
      },
      {
        "name": "emitTelemetryPing",
        "type": "function",
        "description": "",
        "async": false,
        "parameters": [
          {
            "name": "interactionType",
            "type": "string"
          },
          {
            "name": "elapsedTime",
            "type": "number"
          }
        ]
      }
    ],
    "events": [
      {
        "name": "onUpdate",
        "type": "function",
        "description": "FxA account change event",
        "parameters": []
      },
      {
        "name": "onTelemetryPing",
        "type": "function",
        "description": "Telemetry ping event",
        "parameters": []
      }
    ]
  }
]
